{"cameraMode":{"drawMode":0,"name":"Shaded","section":"Shading Mode"},"sceneLighting":true,"audioPlay":false,"sceneViewState":{"showFog":true,"showMaterialUpdate":false,"showSkybox":true,"showFlares":true,"showImageEffects":true,"showParticleSystems":true},"in2DMode":false,"pivot":{"x":185.56578063964845,"y":-23.561325073242189,"z":-61.10300827026367},"rotation":{"x":-0.09765040874481201,"y":-0.00836162082850933,"z":0.00082196737639606,"w":-0.9951853156089783},"size":917.4118041992188,"orthographic":false}